User, Item, Predicted-Rating
2, 782600, 1.511621
3, 716627, 0.929559
3, 782600, 0.681343
4, 640062, 0.788757
4, 716627, 0.000000
4, 782600, 0.000000
5, 640062, 0.788757
5, 636292, 0.658261
5, 716627, 0.000000
5, 782600, 0.000000
